pub_id,pub_name,pub_address,pub_phone
100,"Anand & co","112,Chennai",9944756142
101,"Random House India","125,Delhi",8546978458
102,"Westland Publication","128,West bengal",6895412345
103,"Prentice Hall","105,Mumbai",9085641278
104,"O Reilly Media","108,Punjab",8546213568
105,"Packt Publishing","62,Bangalore",9845126878
106,Springer,"45,Hyderabad",8045621457
107,Apress,"154,Gujarat",8745123657
108,"Penguin Books","47,Kochin",8858712345
109,"Hodder & Stoughton","135,Ranchi",8845123257
110,"Beyond books hub","145,Chennai",7412589623
111,"Manonmani Publishers","112,Madurai",8045126785
112,"Mukil E Publishing","10,Trichy",9040102565
113,"Pearson Education","25,vizag",9080451425
114,Wiley,"278,Delhi",9080451425
115,IndependentPublisher,"Los angles,America",9456235784
116,HardPress,"120,Mosco,Russia",9841235687
117,HarperCollins,"145,New york",9741256325
118,"Vintage Books","150,London",9562147856
119,"Hogarth Press","34,Paradise Road,London",9012544568
120,"Penguin Random House","Monchester city,London",8541247896
121,McGraw-Hill,"2 Penn Plaza",8612547823
122,"W.W.Norton & Company","New York,USA",9562136645
123,"Simon & Schuster","New York,USA",9652123214
124,"Harper & Row","New York,USA",8621456547
125,"Strahan & Cadell","London,UK",8841214565
126,"Bloomsbury Publish","London,UK",9542365784
127,"Contact Publishing","Amsterdam,Netherlands",9632232112
128,"Liveright Publishing","New York,USA",9652124587
129,"J.B.Lippincott & co",Philadelphia,9523324565
130,"Charles Scribners","New York,USA",8412546578
131,"Secker & Warburg","London,UK",8794516574
132,T.Egerton,"London,UK",6845123287
133,"Little Brown & Co","New York,USA",9994565872
134,"Harper & Brothers","New York,USA",9978412536
135,"Alfred A.Knopf","New York,USA",9465123658
136,"Smith,Elder & Co","London,UK",6945236512
137,"Riverhead Books","New York,USA",9956231465
138,"Archibald & co","London,UK",9962365647
139,"Lackington,Jones &co","London,UK",8523147895
140,Doubleday,"New York,USA",7010654587
141,"Viking Press","New York,USA",7012325648
142,"Ecco Press","New York,USA",6895412563
143,"Pantheon Books","New York,USA",7894152365
144,"St.Martins Press","120,Mosco,Russia",6458741236
145,"Warner Books","New York,USA",9894652345
146,"Delacorte Press","120,Mosco,Russia",9745612586
147,"Pamela Dorman Books","New York,USA",9654128796
148,"Macmillan Publishers","120,Mosco,Russia",9087412563
149,MacAdam/Cage,"San Francisco",9412563289
150,"William Morrow","New York,USA",6852321452
151,"Dutton Books","New York,USA",6845236598
152,Picador,"New York,USA",9994989662
153,"Luminous Books","45,Oak Street,Springfield",8851236457
154,"Bright Future Publishing","78,Maple Avenue,Rivertown",6898784858
155,"Infinite Horizons Media","32,Sunset Blvd,Metropolis",9787451287
156,"Echo Press","21,Elm Lane,Greenwood",9994152563
157,"Next Chapter Publications","89,River Road,Lakeside",9848521478
158,"Silver Leaf Publishing","123,Elm Street,Hilltown",7841256325
159,"Starlight Books","56,Main Avenue,Crestville",7010245465
160,"Horizon House Media","89,Birch Road,Meadowbrook",8949596219
161,"Pioneer Press","72,Willow Way,New Haven",7213624578
162,"Nova Reads","14,Cedar Crescent,Bayview",6215489712
163,"Atlas Publishing","101,Pioneer Drive,Summit City",6365648798
164,"Celestial Books","202,Horizon Lane,Starfield",7172365489
165,"Echo Valley Press","303,Meadow Street,Riverdale",6644558712
166,"Granite Ridge Media","404,Summit Road,Highland Park",9988774455
167,"Horizon Books","505,Brookside Avenue,Crestwood",9686765654
168,"Luna Press","606,Pine Hill Drive,Moonlight",9848781323
169,"Phoenix Publications","707,Evergreen Lane,Lakeside",6848521234
170,"Silver Oak Publishing","808,Maplewood Drive,Forest Glen",6989456879
171,"True North Press","909,Cedar Road, Greenfield",9523124565
172,"Urban Tale Media","1010,Elm Street,Downtown",6272824251
173,"Brightstar Books","1111,River Street,New Haven",6677985512
174,"Cosmic Pages","1212,Orchard Lane,Broadview",7083146773
175,"Eclipse Publishing","1313,Willow Road,Valley Forge",7488308034
176,"Golden Horizon Press","1414,Sycamore Avenue,Crestfield",7893469295
177,"Legacy Media","1515,Oakwood Drive,Grandview",8298630556
178,"Mystic Mountain Books","1616,Highland Avenue,Rockville",8703791817
179,"Nova Horizon Publishing","1717,Birch Street,Ridgewood",9108953078
180,"Pinnacle Press","1818,Lakeview Road,Hillcrest",9514114339
181,"Quest Publications","1919,Crescent Drive,Meadowbrook",9919275600
182,"Radiant Reads","2020,Aspen Lane,Clearwater",8324436861
183,"Sage Books","2121,Summit Avenue,Riverwood",7729598122
184,"Stellar Press","2222,Spring Street,Pineville",7934759383
185,"Sunset Publishing","2323,Ridge Road,Valley City",9539920644
186,"Titan Books","2424,Maple Drive,Heritage Hills",9945081905
187,"Unity Media","2525,Oak Lane,Brookside",6897451236
188,"Vanguard Publishing","2626,Elm Avenue,Forest Park",6985741254
189,"Whispering Pines Press","2727,River Lane,Eastwood",7074031272
190,"Zenith Books","2828,Cedar Street,Green Hills",7162321290
191,"Apex Publishing","2929,Birch Avenue,Meadowlark",7250611308
192,"Bright Future Media","3030,Oak Drive,Silver Springs",7338901326
193,"Infinite Ink Publishing","105,Elm Crescent,Grandview",7427191344
194,"Radiant Star Books","209,Sunset Boulevard,Riverton",7515481362
195,"Pioneer Publishing House","312,Maple Street,Cedar Falls",7603771380
196,"Urban Horizon Media","416,Birch Avenue,Crestwood",7692061398
197,"Nova Leaf Press","523,River Road,Harmony Town",7780351416
198,"Luminous Media","634,Oak Lane,Meadowbrook",7868641434
199,"Echo Peak Publishing","745,Willow Drive,Stonebridge",7956931452
200,"Bright Path Books","856,Pine Street,Lakewood",8045221470
